<?xml version="1.0" encoding="utf-8" ?>
<dwsync>
<file name="Global_model.php" server="205.186.162.183/httpdocs/wcp2015/" local="130899342060000000" remote="130899342150000000" Dst="0" />
<file name="Global_model.php" server="205.186.162.183/httpdocs/" local="131241710260000000" remote="131241710660000000" Dst="2" />
<file name="Global_model.php" server="ftp.softone.cl//public_html/app/conavicoop/" local="131022969980000000" remote="131022970200000000" Dst="0" />
<file name="Systemedit_model.php" server="//Server-lenovo/sitwe/" local="131200672960000000" remote="131200672960000000" Dst="2" />
<file name="Global_model.php" server="//Server-lenovo/sitwe/" local="131181646800000000" remote="131181646800000000" Dst="2" />
<file name="Systemlist_model.php" server="//Server-lenovo/sitwe/" local="131181686760000000" remote="131181686760000000" Dst="2" />
<file name="Systemedit_model.php" server="205.186.162.183/httpdocs/" local="131237074340000000" remote="131237074680000000" Dst="2" />
<file name="Systemlist_model.php" server="72.10.50.45/httpdocs/" local="131347785760000000" remote="131347787100000000" Dst="2" />
<file name="Global_model.php" server="72.10.50.45/httpdocs/" local="131355653040000000" remote="131355654380000000" Dst="2" />
<file name="index.html" server="72.10.50.45/httpdocs/" local="130878735480000000" remote="130878735480000000" Dst="2" />
<file name="Systemdelete_model.php" server="72.10.50.45/httpdocs/" local="131016121020000000" remote="131016121020000000" Dst="2" />
<file name="Systemedit_model.php" server="72.10.50.45/httpdocs/" local="131355658420000000" remote="131355659790000000" Dst="2" />
<file name="Systemlist_model.php" server="ftp.softoneserver.com/public_html/apps/myhd.s1.cl/" local="131347785760000000" remote="131367115200000000" Dst="2" />
<file name="Global_model.php" server="ftp.softoneserver.com/public_html/apps/myhd.s1.cl/" local="131355653040000000" remote="131367115200000000" Dst="2" />
<file name="index.html" server="ftp.softoneserver.com/public_html/apps/myhd.s1.cl/" local="130878735480000000" remote="131367115200000000" Dst="2" />
<file name="Systemdelete_model.php" server="ftp.softoneserver.com/public_html/apps/myhd.s1.cl/" local="131016121020000000" remote="131367115200000000" Dst="2" />
<file name="Systemedit_model.php" server="ftp.softoneserver.com/public_html/apps/myhd.s1.cl/" local="131355658420000000" remote="131367115200000000" Dst="2" />
</dwsync>